model,dataset,stratum,N,equal_mix_mean,equal_mix_std6,n_pids
Llama-3.2-3B,gsm8kfull,L1,1,0.9843923418423982,0.0004937865422091,901
Llama-3.2-3B,gsm8kfull,L1,2,0.9740612282648904,0.000520554236458,901
Llama-3.2-3B,gsm8kfull,L1,4,0.98819136145024,0.0004200631928633,901
Llama-3.2-3B,gsm8kfull,L1,8,0.9917830496978662,0.0001933660502319,901
Llama-3.2-3B,gsm8kfull,L1,16,0.995021735109138,9.164197030142794e-05,901
Llama-3.2-3B,gsm8kfull,L1,32,0.995135035146134,0.0001221075890829,901
Llama-3.2-3B,gsm8kfull,L1,64,0.995655290418054,5.508776656522825e-05,901
Llama-3.2-3B,gsm8kfull,L1,128,0.9957315945246022,0.0001931687162427,901
Llama-3.2-3B,gsm8kfull,L1,256,0.9957177210506843,0.0001182640755876,901
Llama-3.2-3B,gsm8kfull,L2,1,0.7193548387096774,0.007280431485995,62
Llama-3.2-3B,gsm8kfull,L2,2,0.694220430107527,0.0055940466224011,62
Llama-3.2-3B,gsm8kfull,L2,4,0.8144377240143369,0.0041289190826036,62
Llama-3.2-3B,gsm8kfull,L2,8,0.8738083237327189,0.0044232461416345,62
Llama-3.2-3B,gsm8kfull,L2,16,0.9206395609318996,0.0028645605048018,62
Llama-3.2-3B,gsm8kfull,L2,32,0.9352598566308244,0.0008851259741605,62
Llama-3.2-3B,gsm8kfull,L2,64,0.9454301075268816,0.0014961072160585,62
Llama-3.2-3B,gsm8kfull,L2,128,0.9492271505376344,0.0007588433999083,62
Llama-3.2-3B,gsm8kfull,L2,256,0.9521505376344086,0.0027218986431126,62
Llama-3.2-3B,gsm8kfull,L3,1,0.5061631944444446,0.0125018083182734,48
Llama-3.2-3B,gsm8kfull,L3,2,0.5282118055555555,0.007525395853683,48
Llama-3.2-3B,gsm8kfull,L3,4,0.6634910300925926,0.0065905609111724,48
Llama-3.2-3B,gsm8kfull,L3,8,0.7840857514880953,0.0082234794135764,48
Llama-3.2-3B,gsm8kfull,L3,16,0.8482581018518519,0.0047209763555994,48
Llama-3.2-3B,gsm8kfull,L3,32,0.8742621527777779,0.0056400235542518,48
Llama-3.2-3B,gsm8kfull,L3,64,0.8871093750000001,0.0077425008365074,48
Llama-3.2-3B,gsm8kfull,L3,128,0.8974681712962963,0.0045260309005895,48
Llama-3.2-3B,gsm8kfull,L3,256,0.9028211805555556,0.0038003587222556,48
Llama-3.2-3B,gsm8kfull,L4,1,0.3023076923076923,0.0105947402379698,65
Llama-3.2-3B,gsm8kfull,L4,2,0.3506089743589743,0.0087362882138483,65
Llama-3.2-3B,gsm8kfull,L4,4,0.4614155982905982,0.0065527563907122,65
Llama-3.2-3B,gsm8kfull,L4,8,0.6194290293040294,0.007718026824761,65
Llama-3.2-3B,gsm8kfull,L4,16,0.6725317760942762,0.0044187795750511,65
Llama-3.2-3B,gsm8kfull,L4,32,0.7437206959706959,0.0027338141400451,65
Llama-3.2-3B,gsm8kfull,L4,64,0.769775641025641,0.0023104506307273,65
Llama-3.2-3B,gsm8kfull,L4,128,0.7836111111111111,0.0038578170738204,65
Llama-3.2-3B,gsm8kfull,L4,256,0.7877564102564102,0.0017357478252386,65
Llama-3.2-3B,gsm8kfull,L5,1,0.0610576923076923,0.0028013223152941,182
Llama-3.2-3B,gsm8kfull,L5,2,0.0906364468864468,0.0014012784485976,182
Llama-3.2-3B,gsm8kfull,L5,4,0.1134615384615384,0.0022473360551592,182
Llama-3.2-3B,gsm8kfull,L5,8,0.1808881966248037,0.002536464249864,182
Llama-3.2-3B,gsm8kfull,L5,16,0.1836689488904461,0.0035845670012063,182
Llama-3.2-3B,gsm8kfull,L5,32,0.2194692096924239,0.0032059997799434,182
Llama-3.2-3B,gsm8kfull,L5,64,0.2214155982905982,0.0017257803232731,182
Llama-3.2-3B,gsm8kfull,L5,128,0.2353041056166056,0.0019705995935696,182
Llama-3.2-3B,gsm8kfull,L5,256,0.2369810744810745,0.0025527805808346,182
Llama-3.2-3B,gsm8kfull,overall,1,0.7842574191838904,0.0039605094328231,1258
Llama-3.2-3B,gsm8kfull,overall,2,0.7832356253312132,0.002850404194379,1258
Llama-3.2-3B,gsm8kfull,overall,4,0.8134699037272562,0.0023607594226163,1258
Llama-3.2-3B,gsm8kfull,overall,8,0.8414891085938878,0.0027531735219481,1258
Llama-3.2-3B,gsm8kfull,overall,16,0.85171139836581,0.0020319058949869,1258
Llama-3.2-3B,gsm8kfull,overall,32,0.8623629590725179,0.0017709342147077,1258
Llama-3.2-3B,gsm8kfull,overall,64,0.8653548401342521,0.0017625250389758,1258
Llama-3.2-3B,gsm8kfull,overall,128,0.8687160506094329,0.0014722480324142,1258
Llama-3.2-3B,gsm8kfull,overall,256,0.8695112391803568,0.0014229173217577,1258
Llama-3.2-3B,mathfull,L1,1,0.9660277284389172,0.0011025562700433,1689
Llama-3.2-3B,mathfull,L1,2,0.9554951154529278,0.0005879025809271,1689
Llama-3.2-3B,mathfull,L1,4,0.9847941747253453,0.0003592038949638,1689
Llama-3.2-3B,mathfull,L1,8,0.9909518552585818,0.0001871230117621,1689
Llama-3.2-3B,mathfull,L1,16,0.9953076689033612,0.0002570791505914,1689
Llama-3.2-3B,mathfull,L1,32,0.9960368561278862,0.0001683225392829,1689
Llama-3.2-3B,mathfull,L1,64,0.996833678705348,0.0001062991954367,1689
Llama-3.2-3B,mathfull,L1,128,0.997031856456812,8.255110222116106e-05,1689
Llama-3.2-3B,mathfull,L1,256,0.9971926189066508,6.377894474265516e-05,1689
Llama-3.2-3B,mathfull,L2,1,0.7048333333333332,0.0018755739862179,375
Llama-3.2-3B,mathfull,L2,2,0.6962666666666668,0.0047330516348099,375
Llama-3.2-3B,mathfull,L2,4,0.839422222222222,0.0029519045954672,375
Llama-3.2-3B,mathfull,L2,8,0.9100391534391538,0.0020086459965354,375
Llama-3.2-3B,mathfull,L2,16,0.951767777777778,0.0016089361564574,375
Llama-3.2-3B,mathfull,L2,32,0.9678074074074078,0.0010736442307194,375
Llama-3.2-3B,mathfull,L2,64,0.9773759259259256,0.0004057863371781,375
Llama-3.2-3B,mathfull,L2,128,0.9795148148148152,0.0007395583155219,375
Llama-3.2-3B,mathfull,L2,256,0.9820777777777776,0.0006524029656812,375
Llama-3.2-3B,mathfull,L3,1,0.4969841269841268,0.0032895844088986,315
Llama-3.2-3B,mathfull,L3,2,0.5109920634920635,0.0013709728813771,315
Llama-3.2-3B,mathfull,L3,4,0.6463062169312169,0.004374370323057,315
Llama-3.2-3B,mathfull,L3,8,0.757008125472411,0.0030425206948995,315
Llama-3.2-3B,mathfull,L3,16,0.8225251772771612,0.0030190328688087,315
Llama-3.2-3B,mathfull,L3,32,0.8685710143765696,0.0018491519493352,315
Llama-3.2-3B,mathfull,L3,64,0.8892934303350969,0.0011148715707231,315
Llama-3.2-3B,mathfull,L3,128,0.9023445767195764,0.0007292157807786,315
Llama-3.2-3B,mathfull,L3,256,0.909510582010582,0.0015036837831788,315
Llama-3.2-3B,mathfull,L4,1,0.2967261904761905,0.0043892817810109,476
Llama-3.2-3B,mathfull,L4,2,0.3294949229691876,0.0028965903558951,476
Llama-3.2-3B,mathfull,L4,4,0.4264246323529412,0.0030840633357526,476
Llama-3.2-3B,mathfull,L4,8,0.5482864708383354,0.0033395495976207,476
Llama-3.2-3B,mathfull,L4,16,0.6110672500352122,0.0022586606363873,476
Llama-3.2-3B,mathfull,L4,32,0.6739570742134039,0.002927879051728,476
Llama-3.2-3B,mathfull,L4,64,0.7025690901360546,0.0019469723667254,476
Llama-3.2-3B,mathfull,L4,128,0.7293132878151259,0.0015988786092626,476
Llama-3.2-3B,mathfull,L4,256,0.7409021942110178,0.001651298022317,476
Llama-3.2-3B,mathfull,L5,1,0.0509243377167905,0.001172051856818,1749
Llama-3.2-3B,mathfull,L5,2,0.0655255384028971,0.0005403326965105,1749
Llama-3.2-3B,mathfull,L5,4,0.0780535305889079,0.0003891068422069,1749
Llama-3.2-3B,mathfull,L5,8,0.110052722871119,0.0004398233886854,1749
Llama-3.2-3B,mathfull,L5,16,0.1124047506344532,0.0006901891239668,1749
Llama-3.2-3B,mathfull,L5,32,0.1272032315070209,0.0001978036742424,1749
Llama-3.2-3B,mathfull,L5,64,0.1214985748047392,0.0010018472376088,1749
Llama-3.2-3B,mathfull,L5,128,0.1236647925798869,0.0006275794903782,1749
Llama-3.2-3B,mathfull,L5,256,0.1212234372022108,0.0003686754572337,1749
Llama-3.2-3B,mathfull,overall,1,0.4958279032725161,0.0019966427988032,4604
Llama-3.2-3B,mathfull,overall,2,0.5011593179843604,0.0017488290428876,4604
Llama-3.2-3B,mathfull,overall,4,0.5476066252775357,0.0017627157498258,4604
Llama-3.2-3B,mathfull,overall,8,0.5879466763718226,0.0014836964564138,4604
Llama-3.2-3B,mathfull,overall,16,0.6048103649355276,0.0012518411525124,4604
Llama-3.2-3B,mathfull,overall,32,0.621658539647645,0.0011132788074577,4604
Llama-3.2-3B,mathfull,overall,64,0.6249390487292271,0.0009358438722041,4604
Llama-3.2-3B,mathfull,overall,128,0.6296668657688966,0.0007052343457599,4604
Llama-3.2-3B,mathfull,overall,256,0.6306956058741192,0.0007241630775905,4604
Phi-4-mini-instruct,aime,L1,1,0.9291666666666668,0.0292261298612502,1
Phi-4-mini-instruct,aime,L1,2,0.9458333333333334,0.0258198889747161,1
Phi-4-mini-instruct,aime,L1,4,0.990625,0.0123427610363321,1
Phi-4-mini-instruct,aime,L1,8,1.0,0.0,1
Phi-4-mini-instruct,aime,L1,16,1.0,0.0,1
Phi-4-mini-instruct,aime,L1,32,1.0,0.0,1
Phi-4-mini-instruct,aime,L1,64,1.0,0.0,1
Phi-4-mini-instruct,aime,L1,128,1.0,0.0,1
Phi-4-mini-instruct,aime,L1,256,1.0,0.0,1
Phi-4-mini-instruct,aime,L2,1,0.6416666666666666,0.06922186552431722,2
Phi-4-mini-instruct,aime,L2,2,0.6666666666666667,0.04803427595651526,2
Phi-4-mini-instruct,aime,L2,4,0.8262152777777777,0.03642458755708432,2
Phi-4-mini-instruct,aime,L2,8,0.8865277777777778,0.047743042929291206,2
Phi-4-mini-instruct,aime,L2,16,0.8812500000000001,0.05938048220304937,2
Phi-4-mini-instruct,aime,L2,32,0.9260416666666668,0.061258502811174384,2
Phi-4-mini-instruct,aime,L2,64,0.9572916666666667,0.018888378261071818,2
Phi-4-mini-instruct,aime,L2,128,0.9927083333333333,0.010332997306364333,2
Phi-4-mini-instruct,aime,L2,256,0.9979166666666666,0.007216878364870269,2
Phi-4-mini-instruct,aime,L3,1,,,0
Phi-4-mini-instruct,aime,L3,2,,,0
Phi-4-mini-instruct,aime,L3,4,,,0
Phi-4-mini-instruct,aime,L3,8,,,0
Phi-4-mini-instruct,aime,L3,16,,,0
Phi-4-mini-instruct,aime,L3,32,,,0
Phi-4-mini-instruct,aime,L3,64,,,0
Phi-4-mini-instruct,aime,L3,128,,,0
Phi-4-mini-instruct,aime,L3,256,,,0
Phi-4-mini-instruct,aime,L4,1,,,0
Phi-4-mini-instruct,aime,L4,2,,,0
Phi-4-mini-instruct,aime,L4,4,,,0
Phi-4-mini-instruct,aime,L4,8,,,0
Phi-4-mini-instruct,aime,L4,16,,,0
Phi-4-mini-instruct,aime,L4,32,,,0
Phi-4-mini-instruct,aime,L4,64,,,0
Phi-4-mini-instruct,aime,L4,128,,,0
Phi-4-mini-instruct,aime,L4,256,,,0
Phi-4-mini-instruct,aime,L5,1,0.02484848484848483,0.006069551108302401,55
Phi-4-mini-instruct,aime,L5,2,0.03189393939393934,0.006194830235741007,55
Phi-4-mini-instruct,aime,L5,4,0.03287878787878781,0.005444235093595275,55
Phi-4-mini-instruct,aime,L5,8,0.03486841630591626,0.007367104933658355,55
Phi-4-mini-instruct,aime,L5,16,0.023639856355765397,0.005678843315326337,55
Phi-4-mini-instruct,aime,L5,32,0.019882575757575696,0.006205712274305771,55
Phi-4-mini-instruct,aime,L5,64,0.014914141414141368,0.0034127043964114903,55
Phi-4-mini-instruct,aime,L5,128,0.013396464646464618,0.002593060569290343,55
Phi-4-mini-instruct,aime,L5,256,0.012272727272727248,0.003949251942974877,55
Phi-4-mini-instruct,aime,overall,1,0.0617097701149425,0.014659156127859764,58
Phi-4-mini-instruct,aime,overall,2,0.06954022988505743,0.011289242431083315,58
Phi-4-mini-instruct,aime,overall,4,0.07674808429118767,0.00874546993462981,58
Phi-4-mini-instruct,aime,overall,8,0.08087618021346465,0.01140468689723555,58
Phi-4-mini-instruct,aime,overall,16,0.07004641550977751,0.012335673464929189,58
Phi-4-mini-instruct,aime,overall,32,0.06802801724137925,0.012880957543026199,58
Phi-4-mini-instruct,aime,overall,64,0.06439415708812254,0.004831830502025106,58
Phi-4-mini-instruct,aime,overall,128,0.06417624521072794,0.0031714231496153037,58
Phi-4-mini-instruct,aime,overall,256,0.06329022988505742,0.004072572614595021,58
Phi-4-mini-instruct,gsm8kfull,L1,1,0.9830983110261324,0.0004970897969595,1046
Phi-4-mini-instruct,gsm8kfull,L1,2,0.9784695666029304,0.0002996322429743,1046
Phi-4-mini-instruct,gsm8kfull,L1,4,0.9938947312513268,0.0001724123883495,1046
Phi-4-mini-instruct,gsm8kfull,L1,8,0.994653408487359,0.0003647972896392,1046
Phi-4-mini-instruct,gsm8kfull,L1,16,0.9967296048438494,0.0002196600115267,1046
Phi-4-mini-instruct,gsm8kfull,L1,32,0.9935242723603144,0.0001878670000871,1046
Phi-4-mini-instruct,gsm8kfull,L1,64,0.9936962237093692,6.957899917786171e-05,1046
Phi-4-mini-instruct,gsm8kfull,L1,128,0.9933257648183558,8.025398370161372e-05,1046
Phi-4-mini-instruct,gsm8kfull,L1,256,0.9933894996813258,4.168349573061703e-05,1046
Phi-4-mini-instruct,gsm8kfull,L2,1,0.7017694063926941,0.0099052952800813,73
Phi-4-mini-instruct,gsm8kfull,L2,2,0.6949771689497718,0.0066102692057824,73
Phi-4-mini-instruct,gsm8kfull,L2,4,0.8347269786910196,0.0034611552432128,73
Phi-4-mini-instruct,gsm8kfull,L2,8,0.913459447706023,0.0045613978949369,73
Phi-4-mini-instruct,gsm8kfull,L2,16,0.9541428843226788,0.0033808276237671,73
Phi-4-mini-instruct,gsm8kfull,L2,32,0.9690639269406393,0.0021949297205084,73
Phi-4-mini-instruct,gsm8kfull,L2,64,0.979708904109589,0.0018936529179381,73
Phi-4-mini-instruct,gsm8kfull,L2,128,0.9834760273972604,0.0017183114663426,73
Phi-4-mini-instruct,gsm8kfull,L2,256,0.9851883561643836,0.000763859863808,73
Phi-4-mini-instruct,gsm8kfull,L3,1,0.4920212765957446,0.0061573600546757,47
Phi-4-mini-instruct,gsm8kfull,L3,2,0.5246897163120567,0.0089155928651444,47
Phi-4-mini-instruct,gsm8kfull,L3,4,0.634626182033097,0.008460875898844,47
Phi-4-mini-instruct,gsm8kfull,L3,8,0.7658076874366767,0.0056228204733294,47
Phi-4-mini-instruct,gsm8kfull,L3,16,0.8320626477541371,0.0050690049526541,47
Phi-4-mini-instruct,gsm8kfull,L3,32,0.8650487588652483,0.0037626425805107,47
Phi-4-mini-instruct,gsm8kfull,L3,64,0.8776743498817966,0.0037872011159263,47
Phi-4-mini-instruct,gsm8kfull,L3,128,0.888031914893617,0.0024663878977382,47
Phi-4-mini-instruct,gsm8kfull,L3,256,0.8945478723404255,0.002037657586104,47
Phi-4-mini-instruct,gsm8kfull,L4,1,0.2891472868217054,0.0117359323211011,43
Phi-4-mini-instruct,gsm8kfull,L4,2,0.341327519379845,0.0070739752497293,43
Phi-4-mini-instruct,gsm8kfull,L4,4,0.4736353359173126,0.008870933070622,43
Phi-4-mini-instruct,gsm8kfull,L4,8,0.6693145533407162,0.0112720182504811,43
Phi-4-mini-instruct,gsm8kfull,L4,16,0.7279408914728683,0.0059561321687007,43
Phi-4-mini-instruct,gsm8kfull,L4,32,0.7882348191214469,0.0045348854463434,43
Phi-4-mini-instruct,gsm8kfull,L4,64,0.8149951550387596,0.0069277016334336,43
Phi-4-mini-instruct,gsm8kfull,L4,128,0.8260497416020671,0.001919892945698,43
Phi-4-mini-instruct,gsm8kfull,L4,256,0.8378714470284238,0.0019354796473889,43
Phi-4-mini-instruct,gsm8kfull,L5,1,0.0660337552742616,0.0028702839842222,79
Phi-4-mini-instruct,gsm8kfull,L5,2,0.0882647679324894,0.0038373651378512,79
Phi-4-mini-instruct,gsm8kfull,L5,4,0.0937851617440225,0.0022137243159477,79
Phi-4-mini-instruct,gsm8kfull,L5,8,0.1570115029134016,0.0024806759607974,79
Phi-4-mini-instruct,gsm8kfull,L5,16,0.1585126896222624,0.0048471609904135,79
Phi-4-mini-instruct,gsm8kfull,L5,32,0.1846602496483825,0.0040876413549217,79
Phi-4-mini-instruct,gsm8kfull,L5,64,0.188161040787623,0.0038981134697471,79
Phi-4-mini-instruct,gsm8kfull,L5,128,0.1949367088607595,0.0026783695429574,79
Phi-4-mini-instruct,gsm8kfull,L5,256,0.1948224331926863,0.0016478726806307,79
Phi-4-mini-instruct,gsm8kfull,overall,1,0.8698175465838517,0.0034997881509605,1288
Phi-4-mini-instruct,gsm8kfull,overall,2,0.8699712085921314,0.0028326363831538,1288
Phi-4-mini-instruct,gsm8kfull,overall,4,0.899186130521048,0.002498622236788,1288
Phi-4-mini-instruct,gsm8kfull,overall,8,0.9194622676969336,0.002657124036994,1288
Phi-4-mini-instruct,gsm8kfull,overall,16,0.9279211975777628,0.0020615651257165,1288
Phi-4-mini-instruct,gsm8kfull,overall,32,0.9309841647256728,0.001590517195194,1288
Phi-4-mini-instruct,gsm8kfull,overall,64,0.9332959692028988,0.0018068797699457,1288
Phi-4-mini-instruct,gsm8kfull,overall,128,0.9343712258454108,0.0009785738553638,1288
Phi-4-mini-instruct,gsm8kfull,overall,256,0.9351454667011732,0.0006910938885631,1288
Phi-4-mini-instruct,math500,L1,1,0.9644961240310072,0.0021080425799826,215
Phi-4-mini-instruct,math500,L1,2,0.9551453488372094,0.0012506082889866,215
Phi-4-mini-instruct,math500,L1,4,0.9839744832041344,0.0011348287945964,215
Phi-4-mini-instruct,math500,L1,8,0.9912768318567738,0.0003607184432598,215
Phi-4-mini-instruct,math500,L1,16,0.9941618217054264,0.0001931918802071,215
Phi-4-mini-instruct,math500,L1,32,0.9945607235142117,0.0003197772295111,215
Phi-4-mini-instruct,math500,L1,64,0.9951162790697676,9.728604959691988e-05,215
Phi-4-mini-instruct,math500,L1,128,0.9953488372093025,0.0,215
Phi-4-mini-instruct,math500,L1,256,0.9953488372093025,0.0,215
Phi-4-mini-instruct,math500,L2,1,0.6875,0.0044544142579949,43
Phi-4-mini-instruct,math500,L2,2,0.6978682170542637,0.0069126578572588,43
Phi-4-mini-instruct,math500,L2,4,0.8261627906976745,0.0101656477514755,43
Phi-4-mini-instruct,math500,L2,8,0.8703602574750829,0.0067378030704968,43
Phi-4-mini-instruct,math500,L2,16,0.9058624031007754,0.0048097558125651,43
Phi-4-mini-instruct,math500,L2,32,0.922141472868217,0.0032496654291046,43
Phi-4-mini-instruct,math500,L2,64,0.9354166666666668,0.0012792899739973,43
Phi-4-mini-instruct,math500,L2,128,0.9421996124031008,0.0027480797825821,43
Phi-4-mini-instruct,math500,L2,256,0.9492248062015504,0.0015011563357392,43
Phi-4-mini-instruct,math500,L3,1,0.4866666666666666,0.0085634883857767,30
Phi-4-mini-instruct,math500,L3,2,0.5109027777777777,0.0088247468749764,30
Phi-4-mini-instruct,math500,L3,4,0.6688194444444445,0.0127035130506156,30
Phi-4-mini-instruct,math500,L3,8,0.79984375,0.0055505257045589,30
Phi-4-mini-instruct,math500,L3,16,0.8597685185185187,0.0069717057503855,30
Phi-4-mini-instruct,math500,L3,32,0.906226851851852,0.0105176280106872,30
Phi-4-mini-instruct,math500,L3,64,0.9261805555555556,0.0035494196187024,30
Phi-4-mini-instruct,math500,L3,128,0.9405324074074076,0.0033140840804331,30
Phi-4-mini-instruct,math500,L3,256,0.950277777777778,0.0043990739766286,30
Phi-4-mini-instruct,math500,L4,1,0.289297385620915,0.0079188542880858,51
Phi-4-mini-instruct,math500,L4,2,0.3094362745098039,0.0035101256835752,51
Phi-4-mini-instruct,math500,L4,4,0.3777709694989106,0.0099258962106432,51
Phi-4-mini-instruct,math500,L4,8,0.4654634492685963,0.0127970371675936,51
Phi-4-mini-instruct,math500,L4,16,0.4985713799408653,0.0053112771284501,51
Phi-4-mini-instruct,math500,L4,32,0.5306726579520699,0.0053693433682835,51
Phi-4-mini-instruct,math500,L4,64,0.5409313725490196,0.0070731064648736,51
Phi-4-mini-instruct,math500,L4,128,0.549537037037037,0.0023244385365262,51
Phi-4-mini-instruct,math500,L4,256,0.5547657952069717,0.0056446306457504,51
Phi-4-mini-instruct,math500,L5,1,0.0517814009661835,0.0008135382599823,138
Phi-4-mini-instruct,math500,L5,2,0.0631944444444444,0.0022826566209216,138
Phi-4-mini-instruct,math500,L5,4,0.0730475040257648,0.0021136487772352,138
Phi-4-mini-instruct,math500,L5,8,0.1032522788704853,0.0042681632696657,138
Phi-4-mini-instruct,math500,L5,16,0.1014419862042144,0.0026530792565853,138
Phi-4-mini-instruct,math500,L5,32,0.1142002027260179,0.0027557471444883,138
Phi-4-mini-instruct,math500,L5,64,0.1115625,0.0026257659018637,138
Phi-4-mini-instruct,math500,L5,128,0.1182996175523349,0.0026320540284528,138
Phi-4-mini-instruct,math500,L5,256,0.1153230676328502,0.0016624112077324,138
Phi-4-mini-instruct,math500,overall,1,0.5732267645003492,0.003911515946027,477
Phi-4-mini-instruct,math500,overall,2,0.5769261006289309,0.0035686497013343,477
Phi-4-mini-instruct,math500,overall,4,0.6215743652457489,0.0056455599934696,477
Phi-4-mini-instruct,math500,overall,8,0.6552049744600845,0.0053729439418053,477
Phi-4-mini-instruct,math500,overall,16,0.6664907023662919,0.0031955706928873,477
Phi-4-mini-instruct,math500,overall,32,0.6781831823400218,0.0036379689481021,477
Phi-4-mini-instruct,math500,overall,64,0.6812189902166318,0.0028788577798838,477
Phi-4-mini-instruct,math500,overall,128,0.685707110412299,0.0019883337030537,477
Phi-4-mini-instruct,math500,overall,256,0.6866512345679012,0.0023720011247093,477
Qwen2.5-3B,aime,L1,1,0.9430555555555555,0.025954019170662358,3
Qwen2.5-3B,aime,L1,2,0.8881944444444444,0.030290835614459704,3
Qwen2.5-3B,aime,L1,4,0.9652777777777778,0.024146303681546778,3
Qwen2.5-3B,aime,L1,8,0.9879629629629628,0.009702360664762733,3
Qwen2.5-3B,aime,L1,16,0.9972222222222222,0.005892556509887853,3
Qwen2.5-3B,aime,L1,32,1.0,0.0,3
Qwen2.5-3B,aime,L1,64,1.0,0.0,3
Qwen2.5-3B,aime,L1,128,1.0,0.0,3
Qwen2.5-3B,aime,L1,256,1.0,0.0,3
Qwen2.5-3B,aime,L2,1,,,0
Qwen2.5-3B,aime,L2,2,,,0
Qwen2.5-3B,aime,L2,4,,,0
Qwen2.5-3B,aime,L2,8,,,0
Qwen2.5-3B,aime,L2,16,,,0
Qwen2.5-3B,aime,L2,32,,,0
Qwen2.5-3B,aime,L2,64,,,0
Qwen2.5-3B,aime,L2,128,,,0
Qwen2.5-3B,aime,L2,256,,,0
Qwen2.5-3B,aime,L3,1,0.4888888888888889,0.08070866675202165,3
Qwen2.5-3B,aime,L3,2,0.5347222222222222,0.050034710174260234,3
Qwen2.5-3B,aime,L3,4,0.7032407407407408,0.04974374921957276,3
Qwen2.5-3B,aime,L3,8,0.7853918650793652,0.04679339657248383,3
Qwen2.5-3B,aime,L3,16,0.8836672586672586,0.02296702882870288,3
Qwen2.5-3B,aime,L3,32,0.9396219135802469,0.0551550474659748,3
Qwen2.5-3B,aime,L3,64,0.9871527777777778,0.014508737788733416,3
Qwen2.5-3B,aime,L3,128,1.0,0.0,3
Qwen2.5-3B,aime,L3,256,1.0,0.0,3
Qwen2.5-3B,aime,L4,1,0.24999999999999994,0.0907147544044885,2
Qwen2.5-3B,aime,L4,2,0.30208333333333326,0.03736085295243311,2
Qwen2.5-3B,aime,L4,4,0.39496527777777773,0.04859201013617435,2
Qwen2.5-3B,aime,L4,8,0.48787698412698405,0.056785210972445835,2
Qwen2.5-3B,aime,L4,16,0.6311294492544492,0.04588097123911008,2
Qwen2.5-3B,aime,L4,32,0.753125,0.05398071715042394,2
Qwen2.5-3B,aime,L4,64,0.9236111111111112,0.029648792992732834,2
Qwen2.5-3B,aime,L4,128,0.9645833333333332,0.016925080009658176,2
Qwen2.5-3B,aime,L4,256,0.996875,0.007395099728874489,2
Qwen2.5-3B,aime,L5,1,0.02257575757575752,0.0052611863069607565,55
Qwen2.5-3B,aime,L5,2,0.02659090909090905,0.00525661779276016,55
Qwen2.5-3B,aime,L5,4,0.029558080808080762,0.00480143125854564,55
Qwen2.5-3B,aime,L5,8,0.0321378968253968,0.006594703255231147,55
Qwen2.5-3B,aime,L5,16,0.032652586050313286,0.00525830312617452,55
Qwen2.5-3B,aime,L5,32,0.03397775333040422,0.0048369615481215706,55
Qwen2.5-3B,aime,L5,64,0.03199272486772481,0.005172040175118026,55
Qwen2.5-3B,aime,L5,128,0.028907828282828243,0.0037584559816951795,55
Qwen2.5-3B,aime,L5,256,0.024179292929292898,0.0033749868454132177,55
Qwen2.5-3B,aime,overall,1,0.0958333333333333,0.02505335189941517,63
Qwen2.5-3B,aime,overall,2,0.1005621693121693,0.015209880447884853,63
Qwen2.5-3B,aime,overall,4,0.11779651675485005,0.015513832240238938,63
Qwen2.5-3B,aime,overall,8,0.12799052028218694,0.015782424307557164,63
Qwen2.5-3B,aime,overall,16,0.13810824720546938,0.01085070643386773,63
Qwen2.5-3B,aime,overall,32,0.14593479641131704,0.01605588665575786,63
Qwen2.5-3B,aime,overall,64,0.15187746703619717,0.007828379634316089,63
Qwen2.5-3B,aime,overall,128,0.15109678130511459,0.004628836790038668,63
Qwen2.5-3B,aime,overall,256,0.14799382716049378,0.003417635150470725,63
Qwen2.5-3B,gsm8kfull,L1,1,0.9878724623444672,0.0003092417904034,1018
Qwen2.5-3B,gsm8kfull,L1,2,0.980918467583496,0.0004021060779714,1018
Qwen2.5-3B,gsm8kfull,L1,4,0.9920374235974672,0.0003592202638994,1018
Qwen2.5-3B,gsm8kfull,L1,8,0.9945317616240992,0.0001966170815445,1018
Qwen2.5-3B,gsm8kfull,L1,16,0.996580304518664,0.0001595479882414,1018
Qwen2.5-3B,gsm8kfull,L1,32,0.996159408426108,0.0001467248957368,1018
Qwen2.5-3B,gsm8kfull,L1,64,0.9964043058284218,0.0001816984567181,1018
Qwen2.5-3B,gsm8kfull,L1,128,0.9962549115913556,0.0001442453355165,1018
Qwen2.5-3B,gsm8kfull,L1,256,0.9962221676489847,0.00011845661404,1018
Qwen2.5-3B,gsm8kfull,L2,1,0.7065400843881856,0.0068887590950298,79
Qwen2.5-3B,gsm8kfull,L2,2,0.6929588607594935,0.0039024902792637,79
Qwen2.5-3B,gsm8kfull,L2,4,0.8107638888888888,0.0040332557010539,79
Qwen2.5-3B,gsm8kfull,L2,8,0.8653256856540085,0.0051088665848034,79
Qwen2.5-3B,gsm8kfull,L2,16,0.9052083333333334,0.0028642081473188,79
Qwen2.5-3B,gsm8kfull,L2,32,0.9172028832630098,0.0018353874654115,79
Qwen2.5-3B,gsm8kfull,L2,64,0.92246835443038,0.0044686412931909,79
Qwen2.5-3B,gsm8kfull,L2,128,0.9237605485232068,0.0020929583249598,79
Qwen2.5-3B,gsm8kfull,L2,256,0.9231540084388188,0.0013187763544331,79
Qwen2.5-3B,gsm8kfull,L3,1,0.4922764227642276,0.0151222790418177,41
Qwen2.5-3B,gsm8kfull,L3,2,0.5179369918699187,0.0092180454913687,41
Qwen2.5-3B,gsm8kfull,L3,4,0.6427337398373983,0.0071925090565937,41
Qwen2.5-3B,gsm8kfull,L3,8,0.7549113192024777,0.0072792760613583,41
Qwen2.5-3B,gsm8kfull,L3,16,0.824969512195122,0.0084875673579824,41
Qwen2.5-3B,gsm8kfull,L3,32,0.8773035230352303,0.0058350209545242,41
Qwen2.5-3B,gsm8kfull,L3,64,0.9124322493224932,0.0021099740894424,41
Qwen2.5-3B,gsm8kfull,L3,128,0.930030487804878,0.005706189955413,41
Qwen2.5-3B,gsm8kfull,L3,256,0.9379065040650408,0.0019632505107386,41
Qwen2.5-3B,gsm8kfull,L4,1,0.2911347517730496,0.0131057036758655,47
Qwen2.5-3B,gsm8kfull,L4,2,0.3313829787234043,0.0023965702821423,47
Qwen2.5-3B,gsm8kfull,L4,4,0.4100620567375887,0.0125295473426552,47
Qwen2.5-3B,gsm8kfull,L4,8,0.5427480158730159,0.0109877747803522,47
Qwen2.5-3B,gsm8kfull,L4,16,0.5796616430260048,0.0110089613629563,47
Qwen2.5-3B,gsm8kfull,L4,32,0.6325650118203311,0.0071031977355875,47
Qwen2.5-3B,gsm8kfull,L4,64,0.6561613475177305,0.0106134091246318,47
Qwen2.5-3B,gsm8kfull,L4,128,0.6760342789598108,0.005374027386132,47
Qwen2.5-3B,gsm8kfull,L4,256,0.6807919621749409,0.0068966085454692,47
Qwen2.5-3B,gsm8kfull,L5,1,0.0549206349206349,0.002991547679845,105
Qwen2.5-3B,gsm8kfull,L5,2,0.0844047619047619,0.003159587504292,105
Qwen2.5-3B,gsm8kfull,L5,4,0.1020006613756613,0.0021774622276288,105
Qwen2.5-3B,gsm8kfull,L5,8,0.1608672052154195,0.0047487222129671,105
Qwen2.5-3B,gsm8kfull,L5,16,0.1645548114804067,0.0037575875718529,105
Qwen2.5-3B,gsm8kfull,L5,32,0.1954466967115776,0.0040246440391008,105
Qwen2.5-3B,gsm8kfull,L5,64,0.1955898526077097,0.0020312001890558,105
Qwen2.5-3B,gsm8kfull,L5,128,0.206,0.0029033249546668,105
Qwen2.5-3B,gsm8kfull,L5,256,0.2038955026455026,0.0015561257188532,105
Qwen2.5-3B,gsm8kfull,overall,1,0.853569121447029,0.0041516496036525,1290
Qwen2.5-3B,gsm8kfull,overall,2,0.8519315245478026,0.0021869508470297,1290
Qwen2.5-3B,gsm8kfull,overall,4,0.8761856696813088,0.0029745479193358,1290
Qwen2.5-3B,gsm8kfull,overall,8,0.8946865425433738,0.0030898623330168,1290
Qwen2.5-3B,gsm8kfull,overall,16,0.9026172951635644,0.00289431539945,1290
Qwen2.5-3B,gsm8kfull,overall,32,0.9091249679924585,0.0021123766860133,1290
Qwen2.5-3B,gsm8kfull,overall,64,0.9116285452811616,0.0024146143294039,1290
Qwen2.5-3B,gsm8kfull,overall,128,0.9137204995693368,0.0017486800221826,1290
Qwen2.5-3B,gsm8kfull,overall,256,0.9139098837209302,0.0014731284854385,1290
Qwen2.5-3B,math1k,L1,1,0.97751256281407,0.001421320163189,199
Qwen2.5-3B,math1k,L1,2,0.9690012562814072,0.0005656754925838,199
Qwen2.5-3B,math1k,L1,4,0.9894140843104412,0.0004420064193814,199
Qwen2.5-3B,math1k,L1,8,0.9948041297758636,0.0007518276883055,199
Qwen2.5-3B,math1k,L1,16,0.998792573981016,0.0002079796821015,199
Qwen2.5-3B,math1k,L1,32,0.9993823283082076,0.0001795061578673,199
Qwen2.5-3B,math1k,L1,64,0.9998953098827472,0.0001169534342024,199
Qwen2.5-3B,math1k,L1,128,1.0,0.0,199
Qwen2.5-3B,math1k,L1,256,1.0,0.0,199
Qwen2.5-3B,math1k,L2,1,0.6978852596314908,0.0030332541033449,199
Qwen2.5-3B,math1k,L2,2,0.696922110552764,0.0051334124061134,199
Qwen2.5-3B,math1k,L2,4,0.847958542713568,0.0045650029292966,199
Qwen2.5-3B,math1k,L2,8,0.9109646945042674,0.0025956002558165,199
Qwen2.5-3B,math1k,L2,16,0.9474263679508652,0.0009844527071905,199
Qwen2.5-3B,math1k,L2,32,0.9593104410943608,0.0018456207532184,199
Qwen2.5-3B,math1k,L2,64,0.9662479061976548,0.0014605678414234,199
Qwen2.5-3B,math1k,L2,128,0.968456867671692,0.0007033119165742,199
Qwen2.5-3B,math1k,L2,256,0.9704878559463984,0.0005078495898846,199
Qwen2.5-3B,math1k,L3,1,0.4964195979899497,0.0048511010070164,199
Qwen2.5-3B,math1k,L3,2,0.5148555276381908,0.0053405629346804,199
Qwen2.5-3B,math1k,L3,4,0.6631909547738694,0.001884154550147,199
Qwen2.5-3B,math1k,L3,8,0.7673527359017309,0.0028273154283,199
Qwen2.5-3B,math1k,L3,16,0.833707343686929,0.0012346755799023,199
Qwen2.5-3B,math1k,L3,32,0.8770726898380792,0.0032200937737167,199
Qwen2.5-3B,math1k,L3,64,0.9029505164712452,0.0019445824105526,199
Qwen2.5-3B,math1k,L3,128,0.9145589056393076,0.0017917207135367,199
Qwen2.5-3B,math1k,L3,256,0.9189803182579565,0.0007829533032179,199
Qwen2.5-3B,math1k,L4,1,0.2939655172413792,0.006145801436284,203
Qwen2.5-3B,math1k,L4,2,0.3245587027914614,0.0028595350172034,203
Qwen2.5-3B,math1k,L4,4,0.422198275862069,0.0023162769740108,203
Qwen2.5-3B,math1k,L4,8,0.5316164770505901,0.0055137887543813,203
Qwen2.5-3B,math1k,L4,16,0.5851877404432823,0.0031631455664455,203
Qwen2.5-3B,math1k,L4,32,0.6436473971772616,0.0017389829020214,203
Qwen2.5-3B,math1k,L4,64,0.6767066912972085,0.0038505538698446,203
Qwen2.5-3B,math1k,L4,128,0.6966885604816638,0.0015250792651501,203
Qwen2.5-3B,math1k,L4,256,0.7079844006568144,0.0027144550781241,203
Qwen2.5-3B,math1k,L5,1,0.056875,0.0017193748864049,200
Qwen2.5-3B,math1k,L5,2,0.0733645833333333,0.0017714827240666,200
Qwen2.5-3B,math1k,L5,4,0.0831701388888888,0.0017649247833096,200
Qwen2.5-3B,math1k,L5,8,0.119588740079365,0.0008784954511014,200
Qwen2.5-3B,math1k,L5,16,0.118854667814824,0.0028584946023577,200
Qwen2.5-3B,math1k,L5,32,0.1343294448789514,0.0021493183381787,200
Qwen2.5-3B,math1k,L5,64,0.1317793981481481,0.001870909705267,200
Qwen2.5-3B,math1k,L5,128,0.1328371527777777,0.0020737803546882,200
Qwen2.5-3B,math1k,L5,256,0.1332694444444444,0.0015842095528708,200
Qwen2.5-3B,math1k,overall,1,0.5032416666666666,0.0038954815120459,1000
Qwen2.5-3B,math1k,overall,2,0.5145333333333333,0.0036429466698447,1000
Qwen2.5-3B,math1k,overall,4,0.5999524305555556,0.0025699148657315,1000
Qwen2.5-3B,math1k,overall,8,0.6637870833333332,0.0030610216034359,1000
Qwen2.5-3B,math1k,overall,16,0.6957693757110944,0.0020420923559172,1000
Qwen2.5-3B,math1k,overall,32,0.7218436369916633,0.0020701447485924,1000
Qwen2.5-3B,math1k,overall,64,0.7346769907407408,0.0022112514690385,1000
Qwen2.5-3B,math1k,overall,128,0.7417153472222222,0.0014385899999257,1000
Qwen2.5-3B,math1k,overall,256,0.7453788888888888,0.0014734369833616,1000
Qwen2.5-3B,mathfull,L1,1,0.9773066298342512,0.0005073238660815,2715
Qwen2.5-3B,mathfull,L1,2,0.9694221915285454,0.0002261475260829,2715
Qwen2.5-3B,mathfull,L1,4,0.990718743605484,0.0001717911607716,2715
Qwen2.5-3B,mathfull,L1,8,0.99544588777807,0.0002326954195282,2715
Qwen2.5-3B,mathfull,L1,16,0.9979771587886228,5.543675904241785e-05,2715
Qwen2.5-3B,mathfull,L1,32,0.9984492019643952,6.53980635067689e-05,2715
Qwen2.5-3B,mathfull,L1,64,0.99875,4.442372986399585e-05,2715
Qwen2.5-3B,mathfull,L1,128,0.9987407918968692,7.047357829947549e-05,2715
Qwen2.5-3B,mathfull,L1,256,0.9987239103744628,5.088813576301446e-05,2715
Qwen2.5-3B,mathfull,L2,1,0.6975260416666668,0.0038851426260596,384
Qwen2.5-3B,mathfull,L2,2,0.6966471354166667,0.0022018302317295,384
Qwen2.5-3B,mathfull,L2,4,0.8428864655671299,0.0024543000009185,384
Qwen2.5-3B,mathfull,L2,8,0.9075597692418984,0.0029267188359683,384
Qwen2.5-3B,mathfull,L2,16,0.9428030960648152,0.0018565322785876,384
Qwen2.5-3B,mathfull,L2,32,0.9575551576967596,0.0004332188733139,384
Qwen2.5-3B,mathfull,L2,64,0.965375434027778,0.0008167048923257,384
Qwen2.5-3B,mathfull,L2,128,0.9673502604166666,0.0008237671139524,384
Qwen2.5-3B,mathfull,L2,256,0.9696560329861112,0.0004549922737828,384
Qwen2.5-3B,mathfull,L3,1,0.5058731513083048,0.0017795097690957,293
Qwen2.5-3B,mathfull,L3,2,0.5216723549488055,0.0039297343904997,293
Qwen2.5-3B,mathfull,L3,4,0.6616929749715587,0.002384031376816,293
Qwen2.5-3B,mathfull,L3,8,0.760267586272279,0.0034173506066974,293
Qwen2.5-3B,mathfull,L3,16,0.826510229949863,0.0043910722680403,293
Qwen2.5-3B,mathfull,L3,32,0.8644235874099354,0.0021745302097723,293
Qwen2.5-3B,mathfull,L3,64,0.8870046454304132,0.0018254294002172,293
Qwen2.5-3B,mathfull,L3,128,0.8946861964353431,0.0008501873003353,293
Qwen2.5-3B,mathfull,L3,256,0.8979071861964353,0.0014362325725712,293
Qwen2.5-3B,mathfull,L4,1,0.2980955678670359,0.0027772587117093,361
Qwen2.5-3B,mathfull,L4,2,0.32817405355494,0.0023210985126587,361
Qwen2.5-3B,mathfull,L4,4,0.4217826638965836,0.0029441630960714,361
Qwen2.5-3B,mathfull,L4,8,0.540288165589412,0.0025096304258149,361
Qwen2.5-3B,mathfull,L4,16,0.5964872893214307,0.0017467629859751,361
Qwen2.5-3B,mathfull,L4,32,0.6577825627779611,0.0031807403835524,361
Qwen2.5-3B,mathfull,L4,64,0.6898062041067581,0.0021327045268251,361
Qwen2.5-3B,mathfull,L4,128,0.712070060018467,0.0023075360504244,361
Qwen2.5-3B,mathfull,L4,256,0.722822406894429,0.0015686383983324,361
Qwen2.5-3B,mathfull,L5,1,0.0558816306483299,0.001120095919768,1018
Qwen2.5-3B,mathfull,L5,2,0.0731581532416503,0.0005842523208924,1018
Qwen2.5-3B,mathfull,L5,4,0.0854906816197337,0.0005512023181779,1018
Qwen2.5-3B,mathfull,L5,8,0.1176915276998161,0.0009460018003788,1018
Qwen2.5-3B,mathfull,L5,16,0.1192722357194669,0.0011926485623207,1018
Qwen2.5-3B,mathfull,L5,32,0.1331856141083095,0.0010391627563709,1018
Qwen2.5-3B,mathfull,L5,64,0.1349017804867023,0.001366840945398,1018
Qwen2.5-3B,mathfull,L5,128,0.1393511778074033,0.0015371647484733,1018
Qwen2.5-3B,mathfull,L5,256,0.1393976478934731,0.0006586210036039,1018
Qwen2.5-3B,mathfull,overall,1,0.6778365821281335,0.0015514973836158,4771
Qwen2.5-3B,mathfull,overall,2,0.6802116083280935,0.0013594751667392,4771
Qwen2.5-3B,mathfull,overall,4,0.7224143552481428,0.0012535387477825,4771
Qwen2.5-3B,mathfull,overall,8,0.7522009940180919,0.0014508407764888,4771
Qwen2.5-3B,mathfull,overall,16,0.7651358037691812,0.0014133874739256,4771
Qwen2.5-3B,mathfull,overall,32,0.7765267942412708,0.0011418679872541,4771
Qwen2.5-3B,mathfull,overall,64,0.7815034227616392,0.0010011193146362,4771
Qwen2.5-3B,mathfull,overall,128,0.7847628581492683,0.0010044421810143,4771
Qwen2.5-3B,mathfull,overall,256,0.7859601411304408,0.0006508127157717,4771
Qwen3-4B-Instruct-2507,aime,L1,1,0.9435185185185185,0.013997885800302328,18
Qwen3-4B-Instruct-2507,aime,L1,2,0.9469907407407407,0.011527927183961973,18
Qwen3-4B-Instruct-2507,aime,L1,4,0.9883487654320989,0.006719675990288632,18
Qwen3-4B-Instruct-2507,aime,L1,8,0.9981481481481482,0.0026414982921654532,18
Qwen3-4B-Instruct-2507,aime,L1,16,1.0,0.0,18
Qwen3-4B-Instruct-2507,aime,L1,32,1.0,0.0,18
Qwen3-4B-Instruct-2507,aime,L1,64,1.0,0.0,18
Qwen3-4B-Instruct-2507,aime,L1,128,1.0,0.0,18
Qwen3-4B-Instruct-2507,aime,L1,256,1.0,0.0,18
Qwen3-4B-Instruct-2507,aime,L2,1,0.686574074074074,0.04410810233231558,9
Qwen3-4B-Instruct-2507,aime,L2,2,0.7122685185185185,0.026080803924214663,9
Qwen3-4B-Instruct-2507,aime,L2,4,0.862962962962963,0.021462815165822217,9
Qwen3-4B-Instruct-2507,aime,L2,8,0.9342592592592592,0.013485817882153639,9
Qwen3-4B-Instruct-2507,aime,L2,16,0.9784722222222223,0.009206563010653543,9
Qwen3-4B-Instruct-2507,aime,L2,32,0.9949074074074075,0.0059056365626302945,9
Qwen3-4B-Instruct-2507,aime,L2,64,0.9995370370370371,0.0019641855032959316,9
Qwen3-4B-Instruct-2507,aime,L2,128,1.0,0.0,9
Qwen3-4B-Instruct-2507,aime,L2,256,1.0,0.0,9
Qwen3-4B-Instruct-2507,aime,L3,1,0.4950757575757576,0.03939047916038654,11
Qwen3-4B-Instruct-2507,aime,L3,2,0.5329545454545456,0.029232204506383506,11
Qwen3-4B-Instruct-2507,aime,L3,4,0.6858901515151515,0.035427573706730005,11
Qwen3-4B-Instruct-2507,aime,L3,8,0.8306939935064935,0.02650887074478776,11
Qwen3-4B-Instruct-2507,aime,L3,16,0.9131313131313131,0.02475681384285607,11
Qwen3-4B-Instruct-2507,aime,L3,32,0.9684343434343435,0.015007801702876423,11
Qwen3-4B-Instruct-2507,aime,L3,64,0.9880681818181819,0.01106326503945978,11
Qwen3-4B-Instruct-2507,aime,L3,128,0.9979166666666667,0.0036084391824351375,11
Qwen3-4B-Instruct-2507,aime,L3,256,1.0,0.0,11
Qwen3-4B-Instruct-2507,aime,L4,1,0.28518518518518515,0.05363521335010338,9
Qwen3-4B-Instruct-2507,aime,L4,2,0.33124999999999993,0.03139319046238218,9
Qwen3-4B-Instruct-2507,aime,L4,4,0.4054398148148148,0.051168705284216055,9
Qwen3-4B-Instruct-2507,aime,L4,8,0.5218270502645502,0.04499494707636323,9
Qwen3-4B-Instruct-2507,aime,L4,16,0.5948456790123456,0.05008388988721388,9
Qwen3-4B-Instruct-2507,aime,L4,32,0.6075617283950617,0.03767619785452958,9
Qwen3-4B-Instruct-2507,aime,L4,64,0.6289351851851852,0.024095320930436672,9
Qwen3-4B-Instruct-2507,aime,L4,128,0.6349537037037037,0.032911831571752516,9
Qwen3-4B-Instruct-2507,aime,L4,256,0.6388888888888888,0.021959163488418896,9
Qwen3-4B-Instruct-2507,aime,L5,1,0.031018518518518487,0.008018571492270598,36
Qwen3-4B-Instruct-2507,aime,L5,2,0.03767361111111107,0.006821994935426827,36
Qwen3-4B-Instruct-2507,aime,L5,4,0.04526427469135799,0.006431948560270255,36
Qwen3-4B-Instruct-2507,aime,L5,8,0.04836185515873012,0.00878550206921916,36
Qwen3-4B-Instruct-2507,aime,L5,16,0.036724759615384565,0.008279504871892295,36
Qwen3-4B-Instruct-2507,aime,L5,32,0.033487654320987575,0.00853718941471877,36
Qwen3-4B-Instruct-2507,aime,L5,64,0.03105709876543205,0.005334357292159355,36
Qwen3-4B-Instruct-2507,aime,L5,128,0.029513888888888864,0.003904934542814998,36
Qwen3-4B-Instruct-2507,aime,L5,256,0.028993055555555536,0.0022546365433835803,36
Qwen3-4B-Instruct-2507,aime,overall,1,0.3890562248995983,0.028265032182557614,83
Qwen3-4B-Instruct-2507,aime,overall,2,0.4054969879518072,0.01851697634611706,83
Qwen3-4B-Instruct-2507,aime,overall,4,0.4624121485943775,0.022976765043193906,83
Qwen3-4B-Instruct-2507,aime,overall,8,0.5054229417670683,0.019166955859069773,83
Qwen3-4B-Instruct-2507,aime,overall,16,0.524414420502523,0.01980267623380473,83
Qwen3-4B-Instruct-2507,aime,overall,32,0.5335006693440428,0.014804239377780306,83
Qwen3-4B-Instruct-2507,aime,overall,64,0.5378681392235608,0.00958835265038145,83
Qwen3-4B-Instruct-2507,aime,overall,128,0.5392068273092369,0.011215777172576344,83
Qwen3-4B-Instruct-2507,aime,overall,256,0.539683734939759,0.007381877551953851,83
